{
  "project_info": {
    "project_number": "171106877127",
    "project_id": "oasis-26f3d",
    "storage_bucket": "oasis-26f3d.appspot.com"
  },
  "client": [
    {
      "client_info": {
        "mobilesdk_app_id": "1:171106877127:android:784ec5cfc715b65ac048e2",
        "android_client_info": {
          "package_name": "com.mk.oasis_app"
        }
      },
      "oauth_client": [
        {
          "client_id": "171106877127-2m4r6f1mhv0coc9pq997uf443ere3gqr.apps.googleusercontent.com",
          "client_type": 1,
          "android_info": {
            "package_name": "com.mk.oasis_app",
            "certificate_hash": "a9948483d5d322ec4a18691842e3a7b2dcc35d0c"
          }
        },
        {
          "client_id": "171106877127-4erbqg15bti1o3rd6t3pjr5lvamdgk3c.apps.googleusercontent.com",
          "client_type": 1,
          "android_info": {
            "package_name": "com.mk.oasis_app",
            "certificate_hash": "196e70fafc5b9c62ca1069dc5e524936a5783c0a"
          }
        },
        {
          "client_id": "171106877127-j1qdm3pvdkrfa8ckc4msfnqqpl2a5qeu.apps.googleusercontent.com",
          "client_type": 1,
          "android_info": {
            "package_name": "com.mk.oasis_app",
            "certificate_hash": "3899d0d0935061da0a4a9a178b2eae5d48ebd283"
          }
        },
        {
          "client_id": "171106877127-vu28dl2q3q87ann295veqevnb05ecf2b.apps.googleusercontent.com",
          "client_type": 1,
          "android_info": {
            "package_name": "com.mk.oasis_app",
            "certificate_hash": "b2b4fc0a4a1a08dbbef1228104a34909f0160fc1"
          }
        }
      ],
      "api_key": [
        {
          "current_key": "AIzaSyBt3xvq6LYiJg7ChDP0LVFCPp9YuaPjvtY"
        }
      ],
      "services": {
        "appinvite_service": {
          "other_platform_oauth_client": []
        }
      }
    }
  ],
  "configuration_version": "1"
}